<?xml version="1.0" encoding="UTF-8"?>
<config xmlns="http://www.knime.org/2008/09/XMLConfig" xmlns:xsi="http://www.w3.org/2001/XMLSchema-instance" xsi:schemaLocation="http://www.knime.org/2008/09/XMLConfig http://www.knime.org/XMLConfig_2008_09.xsd" key="NetworkModel.xml">
    <config key="metaData">
        <entry key="netID" type="xstring" value="schools-wikipedia"/>
        <entry key="netURI" type="xstring" value="schools-wikipedia"/>
        <entry key="netUUID" type="xstring" value="c9282964-f97f-40c4-89cd-26b899bec1f7"/>
        <entry key="noOfNodes" type="xlong" value="5538"/>
        <entry key="noOfEdges" type="xlong" value="217700"/>
        <config key="features">
            <entry key="count" type="xint" value="4"/>
            <config key="Feature_0">
                <entry key="name" type="xstring" value="is_target"/>
                <entry key="type" type="xstring" value="boolean"/>
            </config>
            <config key="Feature_1">
                <entry key="name" type="xstring" value="knime_uid"/>
                <entry key="type" type="xstring" value="string"/>
            </config>
            <config key="Feature_2">
                <entry key="name" type="xstring" value="knime_uuid"/>
                <entry key="type" type="xstring" value="string"/>
            </config>
            <config key="Feature_3">
                <entry key="name" type="xstring" value="knime_uri"/>
                <entry key="type" type="xstring" value="string"/>
            </config>
        </config>
        <config key="partitions">
            <entry key="count" type="xint" value="17"/>
            <config key="Partition_0">
                <entry key="name" type="xstring" value="Design and Technology"/>
                <entry key="type" type="xstring" value="NODE"/>
            </config>
            <config key="Partition_1">
                <entry key="name" type="xstring" value="Geography"/>
                <entry key="type" type="xstring" value="NODE"/>
            </config>
            <config key="Partition_2">
                <entry key="name" type="xstring" value="Art"/>
                <entry key="type" type="xstring" value="NODE"/>
            </config>
            <config key="Partition_3">
                <entry key="name" type="xstring" value="Countries"/>
                <entry key="type" type="xstring" value="NODE"/>
            </config>
            <config key="Partition_4">
                <entry key="name" type="xstring" value="Language and literature"/>
                <entry key="type" type="xstring" value="NODE"/>
            </config>
            <config key="Partition_5">
                <entry key="name" type="xstring" value="Everyday life"/>
                <entry key="type" type="xstring" value="NODE"/>
            </config>
            <config key="Partition_6">
                <entry key="name" type="xstring" value="edges"/>
                <entry key="type" type="xstring" value="EDGE"/>
            </config>
            <config key="Partition_7">
                <entry key="name" type="xstring" value="Religion"/>
                <entry key="type" type="xstring" value="NODE"/>
            </config>
            <config key="Partition_8">
                <entry key="name" type="xstring" value="Science"/>
                <entry key="type" type="xstring" value="NODE"/>
            </config>
            <config key="Partition_9">
                <entry key="name" type="xstring" value="People"/>
                <entry key="type" type="xstring" value="NODE"/>
            </config>
            <config key="Partition_10">
                <entry key="name" type="xstring" value="Citizenship"/>
                <entry key="type" type="xstring" value="NODE"/>
            </config>
            <config key="Partition_11">
                <entry key="name" type="xstring" value="Mathematics"/>
                <entry key="type" type="xstring" value="NODE"/>
            </config>
            <config key="Partition_12">
                <entry key="name" type="xstring" value="IT"/>
                <entry key="type" type="xstring" value="NODE"/>
            </config>
            <config key="Partition_13">
                <entry key="name" type="xstring" value="History"/>
                <entry key="type" type="xstring" value="NODE"/>
            </config>
            <config key="Partition_14">
                <entry key="name" type="xstring" value="Business Studies"/>
                <entry key="type" type="xstring" value="NODE"/>
            </config>
            <config key="Partition_15">
                <entry key="name" type="xstring" value="Music"/>
                <entry key="type" type="xstring" value="NODE"/>
            </config>
            <config key="Partition_16">
                <entry key="name" type="xstring" value="Portals"/>
                <entry key="type" type="xstring" value="NODE"/>
            </config>
        </config>
    </config>
</config>
