<?xml version="1.0" encoding="UTF-8"?>
<config xmlns="http://www.knime.org/2008/09/XMLConfig" xmlns:xsi="http://www.w3.org/2001/XMLSchema-instance" xsi:schemaLocation="http://www.knime.org/2008/09/XMLConfig http://www.knime.org/XMLConfig_2008_09.xsd" key="NetworkModel.xml">
    <config key="metaData">
        <entry key="netID" type="xstring" value="Arnold Schwarzenegger-Isotope"/>
        <entry key="netURI" type="xstring" value="Arnold Schwarzenegger-Isotope"/>
        <entry key="netUUID" type="xstring" value="4cfe822f-1341-4ea1-a73b-4a1a5ca9dfd8"/>
        <entry key="noOfNodes" type="xlong" value="4"/>
        <entry key="noOfEdges" type="xlong" value="3"/>
        <config key="features">
            <entry key="count" type="xint" value="3"/>
            <config key="Feature_0">
                <entry key="name" type="xstring" value="knime_uid"/>
                <entry key="type" type="xstring" value="string"/>
            </config>
            <config key="Feature_1">
                <entry key="name" type="xstring" value="knime_uuid"/>
                <entry key="type" type="xstring" value="string"/>
            </config>
            <config key="Feature_2">
                <entry key="name" type="xstring" value="knime_uri"/>
                <entry key="type" type="xstring" value="string"/>
            </config>
        </config>
        <config key="partitions">
            <entry key="count" type="xint" value="4"/>
            <config key="Partition_0">
                <entry key="name" type="xstring" value="Everyday life"/>
                <entry key="type" type="xstring" value="NODE"/>
            </config>
            <config key="Partition_1">
                <entry key="name" type="xstring" value="People"/>
                <entry key="type" type="xstring" value="NODE"/>
            </config>
            <config key="Partition_2">
                <entry key="name" type="xstring" value="Science"/>
                <entry key="type" type="xstring" value="NODE"/>
            </config>
            <config key="Partition_3">
                <entry key="name" type="xstring" value="edges"/>
                <entry key="type" type="xstring" value="EDGE"/>
            </config>
        </config>
    </config>
</config>
