<?xml version="1.0" encoding="UTF-8"?>
<config xmlns="http://www.knime.org/2008/09/XMLConfig" xmlns:xsi="http://www.w3.org/2001/XMLSchema-instance" xsi:schemaLocation="http://www.knime.org/2008/09/XMLConfig http://www.knime.org/XMLConfig_2008_09.xsd" key="model.xml">
    <entry key="version" type="xint" value="1"/>
    <entry key="class_name" type="xstring" value="org.knime.twitter.api.data.TwitterApiConnectionPortObjectSpec"/>
    <config key="model">
        <entry key="consumerKey" type="xstring" value="n6aNsiEQdPQwdnaSzz2PV5dpk"/>
        <entry key="consumerSecret" type="xstring" value="SvXPJWcU1f7NOhpcTKPUNGrlw8D4J82QITUlSHiWQigzi8es17"/>
        <entry key="accessToken" type="xstring" value="1162136767648153600-balVgXLFLuQ3SamuH6gUcTnL7aPDGL"/>
        <entry key="accessTokenSecret" type="xstring" value="za6O1aKSbSb3jjonlRQaSvdIl6GKgsyw3wNbcxHjkH45T"/>
    </config>
</config>
